{
  "assetCategories": {
    "3D plant": {
      "flowering plant": {
        "flowerhead": {}
      },
      "ground cover": {}
    }
  },
  "averageColor": "#000000",
  "billboards": [
    {
      "bitDepth": 32,
      "colorSpace": "Linear",
      "contentLength": 8846445,
      "mimeType": "image/x-exr",
      "name": "Translucency",
      "physicalSize": "1x1",
      "resolution": "8192x8192",
      "tier": 0,
      "type": "translucency",
      "uri": "tier_0/vkbgaihha_8K_Billboard_Translucency.exr"
    },
    {
      "bitDepth": 8,
      "colorSpace": "Linear",
      "contentLength": 3083262,
      "mimeType": "image/jpeg",
      "name": "Translucency",
      "physicalSize": "1x1",
      "resolution": "8192x8192",
      "tier": 0,
      "type": "translucency",
      "uri": "tier_0/vkbgaihha_8K_Billboard_Translucency.jpg"
    },
    {
      "bitDepth": 32,
      "colorSpace": "Linear",
      "contentLength": 39895953,
      "mimeType": "image/x-exr",
      "name": "Translucency",
      "physicalSize": "1x1",
      "resolution": "4096x4096",
      "tier": 1,
      "type": "translucency",
      "uri": "tier_1/vkbgaihha_4K_Billboard_Translucency.exr"
    },
    {
      "bitDepth": 8,
      "colorSpace": "Linear",
      "contentLength": 2045777,
      "mimeType": "image/jpeg",
      "name": "Translucency",
      "physicalSize": "1x1",
      "resolution": "4096x4096",
      "tier": 1,
      "type": "translucency",
      "uri": "tier_1/vkbgaihha_4K_Billboard_Translucency.jpg"
    },
    {
      "bitDepth": 32,
      "colorSpace": "Linear",
      "contentLength": 10094590,
      "mimeType": "image/x-exr",
      "name": "Translucency",
      "physicalSize": "1x1",
      "resolution": "2048x2048",
      "tier": 2,
      "type": "translucency",
      "uri": "tier_2/vkbgaihha_2K_Billboard_Translucency.exr"
    },
    {
      "bitDepth": 8,
      "colorSpace": "Linear",
      "contentLength": 584426,
      "mimeType": "image/jpeg",
      "name": "Translucency",
      "physicalSize": "1x1",
      "resolution": "2048x2048",
      "tier": 2,
      "type": "translucency",
      "uri": "tier_2/vkbgaihha_2K_Billboard_Translucency.jpg"
    },
    {
      "bitDepth": 32,
      "colorSpace": "Linear",
      "contentLength": 1927434,
      "mimeType": "image/x-exr",
      "name": "Translucency",
      "physicalSize": "1x1",
      "resolution": "1024x1024",
      "tier": 3,
      "type": "translucency",
      "uri": "tier_3/vkbgaihha_1K_Billboard_Translucency.exr"
    },
    {
      "bitDepth": 8,
      "colorSpace": "Linear",
      "contentLength": 174293,
      "mimeType": "image/jpeg",
      "name": "Translucency",
      "physicalSize": "1x1",
      "resolution": "1024x1024",
      "tier": 3,
      "type": "translucency",
      "uri": "tier_3/vkbgaihha_1K_Billboard_Translucency.jpg"
    },
    {
      "bitDepth": 32,
      "colorSpace": "Linear",
      "contentLength": 5320877,
      "mimeType": "image/x-exr",
      "name": "Opacity",
      "physicalSize": "1x1",
      "resolution": "8192x8192",
      "tier": 0,
      "type": "opacity",
      "uri": "tier_0/vkbgaihha_8K_Billboard_Opacity.exr"
    },
    {
      "bitDepth": 8,
      "colorSpace": "Linear",
      "contentLength": 7567526,
      "mimeType": "image/jpeg",
      "name": "Opacity",
      "physicalSize": "1x1",
      "resolution": "8192x8192",
      "tier": 0,
      "type": "opacity",
      "uri": "tier_0/vkbgaihha_8K_Billboard_Opacity.jpg"
    },
    {
      "bitDepth": 32,
      "colorSpace": "Linear",
      "contentLength": 9173848,
      "mimeType": "image/x-exr",
      "name": "Opacity",
      "physicalSize": "1x1",
      "resolution": "4096x4096",
      "tier": 1,
      "type": "opacity",
      "uri": "tier_1/vkbgaihha_4K_Billboard_Opacity.exr"
    },
    {
      "bitDepth": 8,
      "colorSpace": "Linear",
      "contentLength": 2609237,
      "mimeType": "image/jpeg",
      "name": "Opacity",
      "physicalSize": "1x1",
      "resolution": "4096x4096",
      "tier": 1,
      "type": "opacity",
      "uri": "tier_1/vkbgaihha_4K_Billboard_Opacity.jpg"
    },
    {
      "bitDepth": 32,
      "colorSpace": "Linear",
      "contentLength": 2515321,
      "mimeType": "image/x-exr",
      "name": "Opacity",
      "physicalSize": "1x1",
      "resolution": "2048x2048",
      "tier": 2,
      "type": "opacity",
      "uri": "tier_2/vkbgaihha_2K_Billboard_Opacity.exr"
    },
    {
      "bitDepth": 8,
      "colorSpace": "Linear",
      "contentLength": 979215,
      "mimeType": "image/jpeg",
      "name": "Opacity",
      "physicalSize": "1x1",
      "resolution": "2048x2048",
      "tier": 2,
      "type": "opacity",
      "uri": "tier_2/vkbgaihha_2K_Billboard_Opacity.jpg"
    },
    {
      "bitDepth": 32,
      "colorSpace": "Linear",
      "contentLength": 713611,
      "mimeType": "image/x-exr",
      "name": "Opacity",
      "physicalSize": "1x1",
      "resolution": "1024x1024",
      "tier": 3,
      "type": "opacity",
      "uri": "tier_3/vkbgaihha_1K_Billboard_Opacity.exr"
    },
    {
      "bitDepth": 8,
      "colorSpace": "Linear",
      "contentLength": 350600,
      "mimeType": "image/jpeg",
      "name": "Opacity",
      "physicalSize": "1x1",
      "resolution": "1024x1024",
      "tier": 3,
      "type": "opacity",
      "uri": "tier_3/vkbgaihha_1K_Billboard_Opacity.jpg"
    },
    {
      "bitDepth": 32,
      "colorSpace": "Linear",
      "contentLength": 108779378,
      "mimeType": "image/x-exr",
      "name": "Normal",
      "physicalSize": "1x1",
      "resolution": "8192x8192",
      "tier": 0,
      "type": "normal",
      "uri": "tier_0/vkbgaihha_8K_Billboard_Normal.exr"
    },
    {
      "bitDepth": 8,
      "colorSpace": "Linear",
      "contentLength": 10186017,
      "mimeType": "image/jpeg",
      "name": "Normal",
      "physicalSize": "1x1",
      "resolution": "8192x8192",
      "tier": 0,
      "type": "normal",
      "uri": "tier_0/vkbgaihha_8K_Billboard_Normal.jpg"
    },
    {
      "bitDepth": 32,
      "colorSpace": "Linear",
      "contentLength": 147064931,
      "mimeType": "image/x-exr",
      "name": "Normal",
      "physicalSize": "1x1",
      "resolution": "4096x4096",
      "tier": 1,
      "type": "normal",
      "uri": "tier_1/vkbgaihha_4K_Billboard_Normal.exr"
    },
    {
      "bitDepth": 8,
      "colorSpace": "Linear",
      "contentLength": 4404725,
      "mimeType": "image/jpeg",
      "name": "Normal",
      "physicalSize": "1x1",
      "resolution": "4096x4096",
      "tier": 1,
      "type": "normal",
      "uri": "tier_1/vkbgaihha_4K_Billboard_Normal.jpg"
    },
    {
      "bitDepth": 32,
      "colorSpace": "Linear",
      "contentLength": 38057978,
      "mimeType": "image/x-exr",
      "name": "Normal",
      "physicalSize": "1x1",
      "resolution": "2048x2048",
      "tier": 2,
      "type": "normal",
      "uri": "tier_2/vkbgaihha_2K_Billboard_Normal.exr"
    },
    {
      "bitDepth": 8,
      "colorSpace": "Linear",
      "contentLength": 1314356,
      "mimeType": "image/jpeg",
      "name": "Normal",
      "physicalSize": "1x1",
      "resolution": "2048x2048",
      "tier": 2,
      "type": "normal",
      "uri": "tier_2/vkbgaihha_2K_Billboard_Normal.jpg"
    },
    {
      "bitDepth": 32,
      "colorSpace": "Linear",
      "contentLength": 6440055,
      "mimeType": "image/x-exr",
      "name": "Normal",
      "physicalSize": "1x1",
      "resolution": "1024x1024",
      "tier": 3,
      "type": "normal",
      "uri": "tier_3/vkbgaihha_1K_Billboard_Normal.exr"
    },
    {
      "bitDepth": 8,
      "colorSpace": "Linear",
      "contentLength": 409536,
      "mimeType": "image/jpeg",
      "name": "Normal",
      "physicalSize": "1x1",
      "resolution": "1024x1024",
      "tier": 3,
      "type": "normal",
      "uri": "tier_3/vkbgaihha_1K_Billboard_Normal.jpg"
    },
    {
      "bitDepth": 32,
      "colorSpace": "sRGB",
      "contentLength": 115194801,
      "mimeType": "image/x-exr",
      "name": "Basecolor",
      "physicalSize": "1x1",
      "resolution": "8192x8192",
      "tier": 0,
      "type": "basecolor",
      "uri": "tier_0/vkbgaihha_8K_Billboard_Basecolor.exr"
    },
    {
      "bitDepth": 8,
      "colorSpace": "sRGB",
      "contentLength": 7281378,
      "mimeType": "image/jpeg",
      "name": "Basecolor",
      "physicalSize": "1x1",
      "resolution": "8192x8192",
      "tier": 0,
      "type": "basecolor",
      "uri": "tier_0/vkbgaihha_8K_Billboard_Basecolor.jpg"
    },
    {
      "bitDepth": 32,
      "colorSpace": "sRGB",
      "contentLength": 161399447,
      "mimeType": "image/x-exr",
      "name": "Basecolor",
      "physicalSize": "1x1",
      "resolution": "4096x4096",
      "tier": 1,
      "type": "basecolor",
      "uri": "tier_1/vkbgaihha_4K_Billboard_Basecolor.exr"
    },
    {
      "bitDepth": 8,
      "colorSpace": "sRGB",
      "contentLength": 3063161,
      "mimeType": "image/jpeg",
      "name": "Basecolor",
      "physicalSize": "1x1",
      "resolution": "4096x4096",
      "tier": 1,
      "type": "basecolor",
      "uri": "tier_1/vkbgaihha_4K_Billboard_Basecolor.jpg"
    },
    {
      "bitDepth": 32,
      "colorSpace": "sRGB",
      "contentLength": 42528594,
      "mimeType": "image/x-exr",
      "name": "Basecolor",
      "physicalSize": "1x1",
      "resolution": "2048x2048",
      "tier": 2,
      "type": "basecolor",
      "uri": "tier_2/vkbgaihha_2K_Billboard_Basecolor.exr"
    },
    {
      "bitDepth": 8,
      "colorSpace": "sRGB",
      "contentLength": 956233,
      "mimeType": "image/jpeg",
      "name": "Basecolor",
      "physicalSize": "1x1",
      "resolution": "2048x2048",
      "tier": 2,
      "type": "basecolor",
      "uri": "tier_2/vkbgaihha_2K_Billboard_Basecolor.jpg"
    },
    {
      "bitDepth": 32,
      "colorSpace": "sRGB",
      "contentLength": 6694043,
      "mimeType": "image/x-exr",
      "name": "Basecolor",
      "physicalSize": "1x1",
      "resolution": "1024x1024",
      "tier": 3,
      "type": "basecolor",
      "uri": "tier_3/vkbgaihha_1K_Billboard_Basecolor.exr"
    },
    {
      "bitDepth": 8,
      "colorSpace": "sRGB",
      "contentLength": 290120,
      "mimeType": "image/jpeg",
      "name": "Basecolor",
      "physicalSize": "1x1",
      "resolution": "1024x1024",
      "tier": 3,
      "type": "basecolor",
      "uri": "tier_3/vkbgaihha_1K_Billboard_Basecolor.jpg"
    }
  ],
  "categories": [
    "3dplant",
    "flowering plant",
    "wild"
  ],
  "comp_version": 1,
  "environment": {
    "biome": "grassland biome",
    "region": "Europe"
  },
  "id": "vkbgaihha",
  "json": {
    "contentLength": 64695,
    "uri": "vkbgaihha.json"
  },
  "maps": [
    {
      "bitDepth": 32,
      "colorSpace": "Linear",
      "contentLength": 30476187,
      "mimeType": "image/x-exr",
      "name": "Displacement",
      "physicalSize": "1x1",
      "resolution": "8192x8192",
      "tier": 0,
      "type": "displacement",
      "uri": "tier_0/vkbgaihha_8K_Displacement.exr"
    },
    {
      "bitDepth": 8,
      "colorSpace": "Linear",
      "contentLength": 1819161,
      "mimeType": "image/jpeg",
      "name": "Displacement",
      "physicalSize": "1x1",
      "resolution": "8192x8192",
      "tier": 0,
      "type": "displacement",
      "uri": "tier_0/vkbgaihha_8K_Displacement.jpg"
    },
    {
      "bitDepth": 32,
      "colorSpace": "Linear",
      "contentLength": 46015753,
      "mimeType": "image/x-exr",
      "name": "Displacement",
      "physicalSize": "1x1",
      "resolution": "4096x4096",
      "tier": 1,
      "type": "displacement",
      "uri": "tier_1/vkbgaihha_4K_Displacement.exr"
    },
    {
      "bitDepth": 8,
      "colorSpace": "Linear",
      "contentLength": 613736,
      "mimeType": "image/jpeg",
      "name": "Displacement",
      "physicalSize": "1x1",
      "resolution": "4096x4096",
      "tier": 1,
      "type": "displacement",
      "uri": "tier_1/vkbgaihha_4K_Displacement.jpg"
    },
    {
      "bitDepth": 32,
      "colorSpace": "Linear",
      "contentLength": 12677220,
      "mimeType": "image/x-exr",
      "name": "Displacement",
      "physicalSize": "1x1",
      "resolution": "2048x2048",
      "tier": 2,
      "type": "displacement",
      "uri": "tier_2/vkbgaihha_2K_Displacement.exr"
    },
    {
      "bitDepth": 8,
      "colorSpace": "Linear",
      "contentLength": 212980,
      "mimeType": "image/jpeg",
      "name": "Displacement",
      "physicalSize": "1x1",
      "resolution": "2048x2048",
      "tier": 2,
      "type": "displacement",
      "uri": "tier_2/vkbgaihha_2K_Displacement.jpg"
    },
    {
      "bitDepth": 32,
      "colorSpace": "Linear",
      "contentLength": 3419608,
      "mimeType": "image/x-exr",
      "name": "Displacement",
      "physicalSize": "1x1",
      "resolution": "1024x1024",
      "tier": 3,
      "type": "displacement",
      "uri": "tier_3/vkbgaihha_1K_Displacement.exr"
    },
    {
      "bitDepth": 8,
      "colorSpace": "Linear",
      "contentLength": 69119,
      "mimeType": "image/jpeg",
      "name": "Displacement",
      "physicalSize": "1x1",
      "resolution": "1024x1024",
      "tier": 3,
      "type": "displacement",
      "uri": "tier_3/vkbgaihha_1K_Displacement.jpg"
    },
    {
      "bitDepth": 32,
      "colorSpace": "sRGB",
      "contentLength": 145478571,
      "mimeType": "image/x-exr",
      "name": "Basecolor",
      "physicalSize": "1x1",
      "resolution": "8192x8192",
      "tier": 0,
      "type": "basecolor",
      "uri": "tier_0/vkbgaihha_8K_Basecolor.exr"
    },
    {
      "bitDepth": 8,
      "colorSpace": "sRGB",
      "contentLength": 9943054,
      "mimeType": "image/jpeg",
      "name": "Basecolor",
      "physicalSize": "1x1",
      "resolution": "8192x8192",
      "tier": 0,
      "type": "basecolor",
      "uri": "tier_0/vkbgaihha_8K_Basecolor.jpg"
    },
    {
      "bitDepth": 32,
      "colorSpace": "sRGB",
      "contentLength": 185850590,
      "mimeType": "image/x-exr",
      "name": "Basecolor",
      "physicalSize": "1x1",
      "resolution": "4096x4096",
      "tier": 1,
      "type": "basecolor",
      "uri": "tier_1/vkbgaihha_4K_Basecolor.exr"
    },
    {
      "bitDepth": 8,
      "colorSpace": "sRGB",
      "contentLength": 3153148,
      "mimeType": "image/jpeg",
      "name": "Basecolor",
      "physicalSize": "1x1",
      "resolution": "4096x4096",
      "tier": 1,
      "type": "basecolor",
      "uri": "tier_1/vkbgaihha_4K_Basecolor.jpg"
    },
    {
      "bitDepth": 32,
      "colorSpace": "sRGB",
      "contentLength": 46860770,
      "mimeType": "image/x-exr",
      "name": "Basecolor",
      "physicalSize": "1x1",
      "resolution": "2048x2048",
      "tier": 2,
      "type": "basecolor",
      "uri": "tier_2/vkbgaihha_2K_Basecolor.exr"
    },
    {
      "bitDepth": 8,
      "colorSpace": "sRGB",
      "contentLength": 964176,
      "mimeType": "image/jpeg",
      "name": "Basecolor",
      "physicalSize": "1x1",
      "resolution": "2048x2048",
      "tier": 2,
      "type": "basecolor",
      "uri": "tier_2/vkbgaihha_2K_Basecolor.jpg"
    },
    {
      "bitDepth": 32,
      "colorSpace": "sRGB",
      "contentLength": 11801022,
      "mimeType": "image/x-exr",
      "name": "Basecolor",
      "physicalSize": "1x1",
      "resolution": "1024x1024",
      "tier": 3,
      "type": "basecolor",
      "uri": "tier_3/vkbgaihha_1K_Basecolor.exr"
    },
    {
      "bitDepth": 8,
      "colorSpace": "sRGB",
      "contentLength": 290374,
      "mimeType": "image/jpeg",
      "name": "Basecolor",
      "physicalSize": "1x1",
      "resolution": "1024x1024",
      "tier": 3,
      "type": "basecolor",
      "uri": "tier_3/vkbgaihha_1K_Basecolor.jpg"
    },
    {
      "bitDepth": 32,
      "colorSpace": "Linear",
      "contentLength": 60070818,
      "mimeType": "image/x-exr",
      "name": "Gloss",
      "physicalSize": "1x1",
      "resolution": "8192x8192",
      "tier": 0,
      "type": "gloss",
      "uri": "tier_0/vkbgaihha_8K_Gloss.exr"
    },
    {
      "bitDepth": 8,
      "colorSpace": "Linear",
      "contentLength": 4633070,
      "mimeType": "image/jpeg",
      "name": "Gloss",
      "physicalSize": "1x1",
      "resolution": "8192x8192",
      "tier": 0,
      "type": "gloss",
      "uri": "tier_0/vkbgaihha_8K_Gloss.jpg"
    },
    {
      "bitDepth": 32,
      "colorSpace": "Linear",
      "contentLength": 57368647,
      "mimeType": "image/x-exr",
      "name": "Gloss",
      "physicalSize": "1x1",
      "resolution": "4096x4096",
      "tier": 1,
      "type": "gloss",
      "uri": "tier_1/vkbgaihha_4K_Gloss.exr"
    },
    {
      "bitDepth": 8,
      "colorSpace": "Linear",
      "contentLength": 1645601,
      "mimeType": "image/jpeg",
      "name": "Gloss",
      "physicalSize": "1x1",
      "resolution": "4096x4096",
      "tier": 1,
      "type": "gloss",
      "uri": "tier_1/vkbgaihha_4K_Gloss.jpg"
    },
    {
      "bitDepth": 32,
      "colorSpace": "Linear",
      "contentLength": 15117090,
      "mimeType": "image/x-exr",
      "name": "Gloss",
      "physicalSize": "1x1",
      "resolution": "2048x2048",
      "tier": 2,
      "type": "gloss",
      "uri": "tier_2/vkbgaihha_2K_Gloss.exr"
    },
    {
      "bitDepth": 8,
      "colorSpace": "Linear",
      "contentLength": 558174,
      "mimeType": "image/jpeg",
      "name": "Gloss",
      "physicalSize": "1x1",
      "resolution": "2048x2048",
      "tier": 2,
      "type": "gloss",
      "uri": "tier_2/vkbgaihha_2K_Gloss.jpg"
    },
    {
      "bitDepth": 32,
      "colorSpace": "Linear",
      "contentLength": 3906430,
      "mimeType": "image/x-exr",
      "name": "Gloss",
      "physicalSize": "1x1",
      "resolution": "1024x1024",
      "tier": 3,
      "type": "gloss",
      "uri": "tier_3/vkbgaihha_1K_Gloss.exr"
    },
    {
      "bitDepth": 8,
      "colorSpace": "Linear",
      "contentLength": 178980,
      "mimeType": "image/jpeg",
      "name": "Gloss",
      "physicalSize": "1x1",
      "resolution": "1024x1024",
      "tier": 3,
      "type": "gloss",
      "uri": "tier_3/vkbgaihha_1K_Gloss.jpg"
    },
    {
      "bitDepth": 32,
      "colorSpace": "Linear",
      "contentLength": 58121969,
      "mimeType": "image/x-exr",
      "name": "Roughness",
      "physicalSize": "1x1",
      "resolution": "8192x8192",
      "tier": 0,
      "type": "roughness",
      "uri": "tier_0/vkbgaihha_8K_Roughness.exr"
    },
    {
      "bitDepth": 8,
      "colorSpace": "Linear",
      "contentLength": 4629749,
      "mimeType": "image/jpeg",
      "name": "Roughness",
      "physicalSize": "1x1",
      "resolution": "8192x8192",
      "tier": 0,
      "type": "roughness",
      "uri": "tier_0/vkbgaihha_8K_Roughness.jpg"
    },
    {
      "bitDepth": 32,
      "colorSpace": "Linear",
      "contentLength": 55704836,
      "mimeType": "image/x-exr",
      "name": "Roughness",
      "physicalSize": "1x1",
      "resolution": "4096x4096",
      "tier": 1,
      "type": "roughness",
      "uri": "tier_1/vkbgaihha_4K_Roughness.exr"
    },
    {
      "bitDepth": 8,
      "colorSpace": "Linear",
      "contentLength": 1643966,
      "mimeType": "image/jpeg",
      "name": "Roughness",
      "physicalSize": "1x1",
      "resolution": "4096x4096",
      "tier": 1,
      "type": "roughness",
      "uri": "tier_1/vkbgaihha_4K_Roughness.jpg"
    },
    {
      "bitDepth": 32,
      "colorSpace": "Linear",
      "contentLength": 14873503,
      "mimeType": "image/x-exr",
      "name": "Roughness",
      "physicalSize": "1x1",
      "resolution": "2048x2048",
      "tier": 2,
      "type": "roughness",
      "uri": "tier_2/vkbgaihha_2K_Roughness.exr"
    },
    {
      "bitDepth": 8,
      "colorSpace": "Linear",
      "contentLength": 557683,
      "mimeType": "image/jpeg",
      "name": "Roughness",
      "physicalSize": "1x1",
      "resolution": "2048x2048",
      "tier": 2,
      "type": "roughness",
      "uri": "tier_2/vkbgaihha_2K_Roughness.jpg"
    },
    {
      "bitDepth": 32,
      "colorSpace": "Linear",
      "contentLength": 3873589,
      "mimeType": "image/x-exr",
      "name": "Roughness",
      "physicalSize": "1x1",
      "resolution": "1024x1024",
      "tier": 3,
      "type": "roughness",
      "uri": "tier_3/vkbgaihha_1K_Roughness.exr"
    },
    {
      "bitDepth": 8,
      "colorSpace": "Linear",
      "contentLength": 178771,
      "mimeType": "image/jpeg",
      "name": "Roughness",
      "physicalSize": "1x1",
      "resolution": "1024x1024",
      "tier": 3,
      "type": "roughness",
      "uri": "tier_3/vkbgaihha_1K_Roughness.jpg"
    },
    {
      "bitDepth": 32,
      "colorSpace": "Linear",
      "contentLength": 8246390,
      "mimeType": "image/x-exr",
      "name": "Opacity",
      "physicalSize": "1x1",
      "resolution": "8192x8192",
      "tier": 0,
      "type": "opacity",
      "uri": "tier_0/vkbgaihha_8K_Opacity.exr"
    },
    {
      "bitDepth": 8,
      "colorSpace": "Linear",
      "contentLength": 3308033,
      "mimeType": "image/jpeg",
      "name": "Opacity",
      "physicalSize": "1x1",
      "resolution": "8192x8192",
      "tier": 0,
      "type": "opacity",
      "uri": "tier_0/vkbgaihha_8K_Opacity.jpg"
    },
    {
      "bitDepth": 32,
      "colorSpace": "Linear",
      "contentLength": 4998905,
      "mimeType": "image/x-exr",
      "name": "Opacity",
      "physicalSize": "1x1",
      "resolution": "4096x4096",
      "tier": 1,
      "type": "opacity",
      "uri": "tier_1/vkbgaihha_4K_Opacity.exr"
    },
    {
      "bitDepth": 8,
      "colorSpace": "Linear",
      "contentLength": 1379188,
      "mimeType": "image/jpeg",
      "name": "Opacity",
      "physicalSize": "1x1",
      "resolution": "4096x4096",
      "tier": 1,
      "type": "opacity",
      "uri": "tier_1/vkbgaihha_4K_Opacity.jpg"
    },
    {
      "bitDepth": 32,
      "colorSpace": "Linear",
      "contentLength": 1450431,
      "mimeType": "image/x-exr",
      "name": "Opacity",
      "physicalSize": "1x1",
      "resolution": "2048x2048",
      "tier": 2,
      "type": "opacity",
      "uri": "tier_2/vkbgaihha_2K_Opacity.exr"
    },
    {
      "bitDepth": 8,
      "colorSpace": "Linear",
      "contentLength": 576634,
      "mimeType": "image/jpeg",
      "name": "Opacity",
      "physicalSize": "1x1",
      "resolution": "2048x2048",
      "tier": 2,
      "type": "opacity",
      "uri": "tier_2/vkbgaihha_2K_Opacity.jpg"
    },
    {
      "bitDepth": 32,
      "colorSpace": "Linear",
      "contentLength": 456509,
      "mimeType": "image/x-exr",
      "name": "Opacity",
      "physicalSize": "1x1",
      "resolution": "1024x1024",
      "tier": 3,
      "type": "opacity",
      "uri": "tier_3/vkbgaihha_1K_Opacity.exr"
    },
    {
      "bitDepth": 8,
      "colorSpace": "Linear",
      "contentLength": 234201,
      "mimeType": "image/jpeg",
      "name": "Opacity",
      "physicalSize": "1x1",
      "resolution": "1024x1024",
      "tier": 3,
      "type": "opacity",
      "uri": "tier_3/vkbgaihha_1K_Opacity.jpg"
    },
    {
      "bitDepth": 32,
      "colorSpace": "sRGB",
      "contentLength": 44804750,
      "mimeType": "image/x-exr",
      "name": "AO",
      "physicalSize": "1x1",
      "resolution": "8192x8192",
      "tier": 0,
      "type": "ao",
      "uri": "tier_0/vkbgaihha_8K_AO.exr"
    },
    {
      "bitDepth": 8,
      "colorSpace": "sRGB",
      "contentLength": 3226165,
      "mimeType": "image/jpeg",
      "name": "AO",
      "physicalSize": "1x1",
      "resolution": "8192x8192",
      "tier": 0,
      "type": "ao",
      "uri": "tier_0/vkbgaihha_8K_AO.jpg"
    },
    {
      "bitDepth": 32,
      "colorSpace": "sRGB",
      "contentLength": 51692801,
      "mimeType": "image/x-exr",
      "name": "AO",
      "physicalSize": "1x1",
      "resolution": "4096x4096",
      "tier": 1,
      "type": "ao",
      "uri": "tier_1/vkbgaihha_4K_AO.exr"
    },
    {
      "bitDepth": 8,
      "colorSpace": "sRGB",
      "contentLength": 1123882,
      "mimeType": "image/jpeg",
      "name": "AO",
      "physicalSize": "1x1",
      "resolution": "4096x4096",
      "tier": 1,
      "type": "ao",
      "uri": "tier_1/vkbgaihha_4K_AO.jpg"
    },
    {
      "bitDepth": 32,
      "colorSpace": "sRGB",
      "contentLength": 13987916,
      "mimeType": "image/x-exr",
      "name": "AO",
      "physicalSize": "1x1",
      "resolution": "2048x2048",
      "tier": 2,
      "type": "ao",
      "uri": "tier_2/vkbgaihha_2K_AO.exr"
    },
    {
      "bitDepth": 8,
      "colorSpace": "sRGB",
      "contentLength": 389023,
      "mimeType": "image/jpeg",
      "name": "AO",
      "physicalSize": "1x1",
      "resolution": "2048x2048",
      "tier": 2,
      "type": "ao",
      "uri": "tier_2/vkbgaihha_2K_AO.jpg"
    },
    {
      "bitDepth": 32,
      "colorSpace": "sRGB",
      "contentLength": 3705773,
      "mimeType": "image/x-exr",
      "name": "AO",
      "physicalSize": "1x1",
      "resolution": "1024x1024",
      "tier": 3,
      "type": "ao",
      "uri": "tier_3/vkbgaihha_1K_AO.exr"
    },
    {
      "bitDepth": 8,
      "colorSpace": "sRGB",
      "contentLength": 127429,
      "mimeType": "image/jpeg",
      "name": "AO",
      "physicalSize": "1x1",
      "resolution": "1024x1024",
      "tier": 3,
      "type": "ao",
      "uri": "tier_3/vkbgaihha_1K_AO.jpg"
    },
    {
      "bitDepth": 32,
      "colorSpace": "sRGB",
      "contentLength": 44477778,
      "mimeType": "image/x-exr",
      "name": "Specular",
      "physicalSize": "1x1",
      "resolution": "8192x8192",
      "tier": 0,
      "type": "specular",
      "uri": "tier_0/vkbgaihha_8K_Specular.exr"
    },
    {
      "bitDepth": 8,
      "colorSpace": "sRGB",
      "contentLength": 1485083,
      "mimeType": "image/jpeg",
      "name": "Specular",
      "physicalSize": "1x1",
      "resolution": "8192x8192",
      "tier": 0,
      "type": "specular",
      "uri": "tier_0/vkbgaihha_8K_Specular.jpg"
    },
    {
      "bitDepth": 32,
      "colorSpace": "sRGB",
      "contentLength": 53786952,
      "mimeType": "image/x-exr",
      "name": "Specular",
      "physicalSize": "1x1",
      "resolution": "4096x4096",
      "tier": 1,
      "type": "specular",
      "uri": "tier_1/vkbgaihha_4K_Specular.exr"
    },
    {
      "bitDepth": 8,
      "colorSpace": "sRGB",
      "contentLength": 442520,
      "mimeType": "image/jpeg",
      "name": "Specular",
      "physicalSize": "1x1",
      "resolution": "4096x4096",
      "tier": 1,
      "type": "specular",
      "uri": "tier_1/vkbgaihha_4K_Specular.jpg"
    },
    {
      "bitDepth": 32,
      "colorSpace": "sRGB",
      "contentLength": 14386551,
      "mimeType": "image/x-exr",
      "name": "Specular",
      "physicalSize": "1x1",
      "resolution": "2048x2048",
      "tier": 2,
      "type": "specular",
      "uri": "tier_2/vkbgaihha_2K_Specular.exr"
    },
    {
      "bitDepth": 8,
      "colorSpace": "sRGB",
      "contentLength": 135844,
      "mimeType": "image/jpeg",
      "name": "Specular",
      "physicalSize": "1x1",
      "resolution": "2048x2048",
      "tier": 2,
      "type": "specular",
      "uri": "tier_2/vkbgaihha_2K_Specular.jpg"
    },
    {
      "bitDepth": 32,
      "colorSpace": "sRGB",
      "contentLength": 3818819,
      "mimeType": "image/x-exr",
      "name": "Specular",
      "physicalSize": "1x1",
      "resolution": "1024x1024",
      "tier": 3,
      "type": "specular",
      "uri": "tier_3/vkbgaihha_1K_Specular.exr"
    },
    {
      "bitDepth": 8,
      "colorSpace": "sRGB",
      "contentLength": 40743,
      "mimeType": "image/jpeg",
      "name": "Specular",
      "physicalSize": "1x1",
      "resolution": "1024x1024",
      "tier": 3,
      "type": "specular",
      "uri": "tier_3/vkbgaihha_1K_Specular.jpg"
    },
    {
      "bitDepth": 32,
      "colorSpace": "Linear",
      "contentLength": 136689200,
      "mimeType": "image/x-exr",
      "name": "Normal",
      "physicalSize": "1x1",
      "resolution": "8192x8192",
      "tier": 0,
      "type": "normal",
      "uri": "tier_0/vkbgaihha_8K_Normal.exr"
    },
    {
      "bitDepth": 8,
      "colorSpace": "Linear",
      "contentLength": 8324559,
      "mimeType": "image/jpeg",
      "name": "Normal",
      "physicalSize": "1x1",
      "resolution": "8192x8192",
      "tier": 0,
      "type": "normal",
      "uri": "tier_0/vkbgaihha_8K_Normal.jpg"
    },
    {
      "bitDepth": 32,
      "colorSpace": "Linear",
      "contentLength": 167980764,
      "mimeType": "image/x-exr",
      "name": "Normal",
      "physicalSize": "1x1",
      "resolution": "4096x4096",
      "tier": 1,
      "type": "normal",
      "uri": "tier_1/vkbgaihha_4K_Normal.exr"
    },
    {
      "bitDepth": 8,
      "colorSpace": "Linear",
      "contentLength": 3008922,
      "mimeType": "image/jpeg",
      "name": "Normal",
      "physicalSize": "1x1",
      "resolution": "4096x4096",
      "tier": 1,
      "type": "normal",
      "uri": "tier_1/vkbgaihha_4K_Normal.jpg"
    },
    {
      "bitDepth": 32,
      "colorSpace": "Linear",
      "contentLength": 43945167,
      "mimeType": "image/x-exr",
      "name": "Normal",
      "physicalSize": "1x1",
      "resolution": "2048x2048",
      "tier": 2,
      "type": "normal",
      "uri": "tier_2/vkbgaihha_2K_Normal.exr"
    },
    {
      "bitDepth": 8,
      "colorSpace": "Linear",
      "contentLength": 995647,
      "mimeType": "image/jpeg",
      "name": "Normal",
      "physicalSize": "1x1",
      "resolution": "2048x2048",
      "tier": 2,
      "type": "normal",
      "uri": "tier_2/vkbgaihha_2K_Normal.jpg"
    },
    {
      "bitDepth": 32,
      "colorSpace": "Linear",
      "contentLength": 11409821,
      "mimeType": "image/x-exr",
      "name": "Normal",
      "physicalSize": "1x1",
      "resolution": "1024x1024",
      "tier": 3,
      "type": "normal",
      "uri": "tier_3/vkbgaihha_1K_Normal.exr"
    },
    {
      "bitDepth": 8,
      "colorSpace": "Linear",
      "contentLength": 313200,
      "mimeType": "image/jpeg",
      "name": "Normal",
      "physicalSize": "1x1",
      "resolution": "1024x1024",
      "tier": 3,
      "type": "normal",
      "uri": "tier_3/vkbgaihha_1K_Normal.jpg"
    },
    {
      "bitDepth": 32,
      "colorSpace": "Linear",
      "contentLength": 260755931,
      "mimeType": "image/x-exr",
      "name": "Bump",
      "physicalSize": "1x1",
      "resolution": "8192x8192",
      "tier": 0,
      "type": "bump",
      "uri": "tier_0/vkbgaihha_8K_Bump.exr"
    },
    {
      "bitDepth": 8,
      "colorSpace": "Linear",
      "contentLength": 3302627,
      "mimeType": "image/jpeg",
      "name": "Bump",
      "physicalSize": "1x1",
      "resolution": "8192x8192",
      "tier": 0,
      "type": "bump",
      "uri": "tier_0/vkbgaihha_8K_Bump.jpg"
    },
    {
      "bitDepth": 32,
      "colorSpace": "Linear",
      "contentLength": 65433054,
      "mimeType": "image/x-exr",
      "name": "Bump",
      "physicalSize": "1x1",
      "resolution": "4096x4096",
      "tier": 1,
      "type": "bump",
      "uri": "tier_1/vkbgaihha_4K_Bump.exr"
    },
    {
      "bitDepth": 8,
      "colorSpace": "Linear",
      "contentLength": 1037006,
      "mimeType": "image/jpeg",
      "name": "Bump",
      "physicalSize": "1x1",
      "resolution": "4096x4096",
      "tier": 1,
      "type": "bump",
      "uri": "tier_1/vkbgaihha_4K_Bump.jpg"
    },
    {
      "bitDepth": 32,
      "colorSpace": "Linear",
      "contentLength": 16577122,
      "mimeType": "image/x-exr",
      "name": "Bump",
      "physicalSize": "1x1",
      "resolution": "2048x2048",
      "tier": 2,
      "type": "bump",
      "uri": "tier_2/vkbgaihha_2K_Bump.exr"
    },
    {
      "bitDepth": 8,
      "colorSpace": "Linear",
      "contentLength": 328474,
      "mimeType": "image/jpeg",
      "name": "Bump",
      "physicalSize": "1x1",
      "resolution": "2048x2048",
      "tier": 2,
      "type": "bump",
      "uri": "tier_2/vkbgaihha_2K_Bump.jpg"
    },
    {
      "bitDepth": 32,
      "colorSpace": "Linear",
      "contentLength": 4170988,
      "mimeType": "image/x-exr",
      "name": "Bump",
      "physicalSize": "1x1",
      "resolution": "1024x1024",
      "tier": 3,
      "type": "bump",
      "uri": "tier_3/vkbgaihha_1K_Bump.exr"
    },
    {
      "bitDepth": 8,
      "colorSpace": "Linear",
      "contentLength": 103640,
      "mimeType": "image/jpeg",
      "name": "Bump",
      "physicalSize": "1x1",
      "resolution": "1024x1024",
      "tier": 3,
      "type": "bump",
      "uri": "tier_3/vkbgaihha_1K_Bump.jpg"
    },
    {
      "bitDepth": 32,
      "colorSpace": "sRGB",
      "contentLength": 44109441,
      "mimeType": "image/x-exr",
      "name": "Cavity",
      "physicalSize": "1x1",
      "resolution": "8192x8192",
      "tier": 0,
      "type": "cavity",
      "uri": "tier_0/vkbgaihha_8K_Cavity.exr"
    },
    {
      "bitDepth": 8,
      "colorSpace": "sRGB",
      "contentLength": 3033402,
      "mimeType": "image/jpeg",
      "name": "Cavity",
      "physicalSize": "1x1",
      "resolution": "8192x8192",
      "tier": 0,
      "type": "cavity",
      "uri": "tier_0/vkbgaihha_8K_Cavity.jpg"
    },
    {
      "bitDepth": 32,
      "colorSpace": "sRGB",
      "contentLength": 51323462,
      "mimeType": "image/x-exr",
      "name": "Cavity",
      "physicalSize": "1x1",
      "resolution": "4096x4096",
      "tier": 1,
      "type": "cavity",
      "uri": "tier_1/vkbgaihha_4K_Cavity.exr"
    },
    {
      "bitDepth": 8,
      "colorSpace": "sRGB",
      "contentLength": 1054615,
      "mimeType": "image/jpeg",
      "name": "Cavity",
      "physicalSize": "1x1",
      "resolution": "4096x4096",
      "tier": 1,
      "type": "cavity",
      "uri": "tier_1/vkbgaihha_4K_Cavity.jpg"
    },
    {
      "bitDepth": 32,
      "colorSpace": "sRGB",
      "contentLength": 13919894,
      "mimeType": "image/x-exr",
      "name": "Cavity",
      "physicalSize": "1x1",
      "resolution": "2048x2048",
      "tier": 2,
      "type": "cavity",
      "uri": "tier_2/vkbgaihha_2K_Cavity.exr"
    },
    {
      "bitDepth": 8,
      "colorSpace": "sRGB",
      "contentLength": 359509,
      "mimeType": "image/jpeg",
      "name": "Cavity",
      "physicalSize": "1x1",
      "resolution": "2048x2048",
      "tier": 2,
      "type": "cavity",
      "uri": "tier_2/vkbgaihha_2K_Cavity.jpg"
    },
    {
      "bitDepth": 32,
      "colorSpace": "sRGB",
      "contentLength": 3693348,
      "mimeType": "image/x-exr",
      "name": "Cavity",
      "physicalSize": "1x1",
      "resolution": "1024x1024",
      "tier": 3,
      "type": "cavity",
      "uri": "tier_3/vkbgaihha_1K_Cavity.exr"
    },
    {
      "bitDepth": 8,
      "colorSpace": "sRGB",
      "contentLength": 117025,
      "mimeType": "image/jpeg",
      "name": "Cavity",
      "physicalSize": "1x1",
      "resolution": "1024x1024",
      "tier": 3,
      "type": "cavity",
      "uri": "tier_3/vkbgaihha_1K_Cavity.jpg"
    },
    {
      "bitDepth": 32,
      "colorSpace": "Linear",
      "contentLength": 215843132,
      "mimeType": "image/x-exr",
      "name": "Translucency",
      "physicalSize": "1x1",
      "resolution": "8192x8192",
      "tier": 0,
      "type": "translucency",
      "uri": "tier_0/vkbgaihha_8K_Translucency.exr"
    },
    {
      "bitDepth": 8,
      "colorSpace": "Linear",
      "contentLength": 7488928,
      "mimeType": "image/jpeg",
      "name": "Translucency",
      "physicalSize": "1x1",
      "resolution": "8192x8192",
      "tier": 0,
      "type": "translucency",
      "uri": "tier_0/vkbgaihha_8K_Translucency.jpg"
    },
    {
      "bitDepth": 32,
      "colorSpace": "Linear",
      "contentLength": 185216727,
      "mimeType": "image/x-exr",
      "name": "Translucency",
      "physicalSize": "1x1",
      "resolution": "4096x4096",
      "tier": 1,
      "type": "translucency",
      "uri": "tier_1/vkbgaihha_4K_Translucency.exr"
    },
    {
      "bitDepth": 8,
      "colorSpace": "Linear",
      "contentLength": 2609961,
      "mimeType": "image/jpeg",
      "name": "Translucency",
      "physicalSize": "1x1",
      "resolution": "4096x4096",
      "tier": 1,
      "type": "translucency",
      "uri": "tier_1/vkbgaihha_4K_Translucency.jpg"
    },
    {
      "bitDepth": 32,
      "colorSpace": "Linear",
      "contentLength": 47112562,
      "mimeType": "image/x-exr",
      "name": "Translucency",
      "physicalSize": "1x1",
      "resolution": "2048x2048",
      "tier": 2,
      "type": "translucency",
      "uri": "tier_2/vkbgaihha_2K_Translucency.exr"
    },
    {
      "bitDepth": 8,
      "colorSpace": "Linear",
      "contentLength": 904912,
      "mimeType": "image/jpeg",
      "name": "Translucency",
      "physicalSize": "1x1",
      "resolution": "2048x2048",
      "tier": 2,
      "type": "translucency",
      "uri": "tier_2/vkbgaihha_2K_Translucency.jpg"
    },
    {
      "bitDepth": 32,
      "colorSpace": "Linear",
      "contentLength": 11964779,
      "mimeType": "image/x-exr",
      "name": "Translucency",
      "physicalSize": "1x1",
      "resolution": "1024x1024",
      "tier": 3,
      "type": "translucency",
      "uri": "tier_3/vkbgaihha_1K_Translucency.exr"
    },
    {
      "bitDepth": 8,
      "colorSpace": "Linear",
      "contentLength": 301915,
      "mimeType": "image/jpeg",
      "name": "Translucency",
      "physicalSize": "1x1",
      "resolution": "1024x1024",
      "tier": 3,
      "type": "translucency",
      "uri": "tier_3/vkbgaihha_1K_Translucency.jpg"
    }
  ],
  "material_params": {
    "billboard": [
      {
        "Name": "is Camera Facing Billboard",
        "Value": true
      },
      {
        "Name": "is Billboard",
        "Value": true
      },
      {
        "Name": "Split Translucency Controls",
        "Value": true
      },
      {
        "Name": "Translucency Controls",
        "Value": [
          1,
          2,
          0.8999999761581421,
          0
        ]
      },
      {
        "Name": "Translucency Tint Leaves",
        "Value": [
          0.3800950050354004,
          0.5,
          0.3888489902019501,
          1
        ]
      },
      {
        "Name": "Translucency Controls Leaves",
        "Value": [
          1,
          2.5,
          1,
          0
        ]
      },
      {
        "Name": "Translucency Tint Branches",
        "Value": [
          0.34860000014305115,
          0.5,
          0.37588998675346375,
          1
        ]
      },
      {
        "Name": "Translucency Controls Branches",
        "Value": [
          1,
          6,
          0.800000011920929,
          0
        ]
      }
    ],
    "material": [
      {
        "Name": "Tint Leaf Backside",
        "Value": true
      },
      {
        "Name": "Split Translucency Controls",
        "Value": true
      },
      {
        "Name": "Base Color Tint Leaf Backside",
        "Value": [
          0.6038280129432678,
          0.5583410263061523,
          0.6239609718322754,
          1
        ]
      },
      {
        "Name": "Translucency Controls",
        "Value": [
          1,
          1,
          1,
          0
        ]
      },
      {
        "Name": "Translucency Tint Leaves",
        "Value": [
          0.3800950050354004,
          0.5,
          0.3888489902019501,
          1
        ]
      },
      {
        "Name": "Translucency Controls Leaves",
        "Value": [
          1,
          2.5,
          1,
          0
        ]
      },
      {
        "Name": "Translucency Tint Branches",
        "Value": [
          0.34860000014305115,
          0.5,
          0.37588998675346375,
          1
        ]
      },
      {
        "Name": "Translucency Controls Branches",
        "Value": [
          1,
          6,
          0.800000011920929,
          0
        ]
      }
    ]
  },
  "meta": [
    {
      "key": "cameraFacingBillboard",
      "name": "CameraFacingBillboard",
      "value": true
    },
    {
      "key": "tierLods",
      "name": "TierLods",
      "value": [
        {
          "lods": [
            "High"
          ],
          "tier": 0
        },
        {
          "lods": [
            "LOD0",
            "LOD2",
            "LOD3",
            "LOD4"
          ],
          "tier": 1
        },
        {
          "lods": [
            "LOD1",
            "LOD2",
            "LOD3",
            "LOD4"
          ],
          "tier": 2
        },
        {
          "lods": [
            "LOD2",
            "LOD3",
            "LOD4"
          ],
          "tier": 3
        }
      ]
    }
  ],
  "models": [
    {
      "contentLength": 5770752,
      "lod": 0,
      "mimeType": "application/x-fbx",
      "tier": 0,
      "tris": 145854,
      "type": "lod",
      "uri": "tier_0/vkbgaihha_VarA_LOD0.fbx",
      "variation": 1
    },
    {
      "contentLength": 1086160,
      "lod": 0,
      "mimeType": "application/x-fbx",
      "tier": 0,
      "tris": 25516,
      "type": "lod",
      "uri": "tier_0/vkbgaihha_VarB_LOD0.fbx",
      "variation": 2
    },
    {
      "contentLength": 4093456,
      "lod": 0,
      "mimeType": "application/x-fbx",
      "tier": 0,
      "tris": 98880,
      "type": "lod",
      "uri": "tier_0/vkbgaihha_VarC_LOD0.fbx",
      "variation": 3
    },
    {
      "contentLength": 3435536,
      "lod": 0,
      "mimeType": "application/x-fbx",
      "tier": 0,
      "tris": 81928,
      "type": "lod",
      "uri": "tier_0/vkbgaihha_VarD_LOD0.fbx",
      "variation": 4
    },
    {
      "contentLength": 5094096,
      "lod": 0,
      "mimeType": "application/x-fbx",
      "tier": 0,
      "tris": 142598,
      "type": "lod",
      "uri": "tier_0/vkbgaihha_VarE_LOD0.fbx",
      "variation": 5
    },
    {
      "contentLength": 1203568,
      "lod": 0,
      "mimeType": "application/x-fbx",
      "tier": 0,
      "tris": 26489,
      "type": "lod",
      "uri": "tier_0/vkbgaihha_VarF_LOD0.fbx",
      "variation": 6
    },
    {
      "contentLength": 1541600,
      "lod": 0,
      "mimeType": "application/x-fbx",
      "tier": 0,
      "tris": 37568,
      "type": "lod",
      "uri": "tier_0/vkbgaihha_VarG_LOD0.fbx",
      "variation": 7
    },
    {
      "contentLength": 1309072,
      "lod": 0,
      "mimeType": "application/x-fbx",
      "tier": 0,
      "tris": 32025,
      "type": "lod",
      "uri": "tier_0/vkbgaihha_VarH_LOD0.fbx",
      "variation": 8
    },
    {
      "contentLength": 629696,
      "lod": 0,
      "mimeType": "application/x-fbx",
      "tier": 1,
      "tris": 6077,
      "type": "lod",
      "uri": "tier_1/vkbgaihha_VarA_LOD0.fbx",
      "variation": 1
    },
    {
      "contentLength": 192064,
      "lod": 1,
      "mimeType": "application/x-fbx",
      "tier": 1,
      "tris": 2689,
      "type": "lod",
      "uri": "tier_1/vkbgaihha_VarA_LOD1.fbx",
      "variation": 1
    },
    {
      "contentLength": 124848,
      "lod": 2,
      "mimeType": "application/x-fbx",
      "tier": 1,
      "tris": 808,
      "type": "lod",
      "uri": "tier_1/vkbgaihha_VarA_LOD2.fbx",
      "variation": 1
    },
    {
      "contentLength": 18896,
      "lod": 3,
      "mimeType": "application/x-fbx",
      "tier": 1,
      "tris": 4,
      "type": "lod",
      "uri": "tier_1/vkbgaihha_VarA_LOD3.fbx",
      "variation": 1
    },
    {
      "contentLength": 117520,
      "lod": 0,
      "mimeType": "application/x-fbx",
      "tier": 1,
      "tris": 941,
      "type": "lod",
      "uri": "tier_1/vkbgaihha_VarB_LOD0.fbx",
      "variation": 2
    },
    {
      "contentLength": 48400,
      "lod": 1,
      "mimeType": "application/x-fbx",
      "tier": 1,
      "tris": 232,
      "type": "lod",
      "uri": "tier_1/vkbgaihha_VarB_LOD1.fbx",
      "variation": 2
    },
    {
      "contentLength": 37968,
      "lod": 2,
      "mimeType": "application/x-fbx",
      "tier": 1,
      "tris": 139,
      "type": "lod",
      "uri": "tier_1/vkbgaihha_VarB_LOD2.fbx",
      "variation": 2
    },
    {
      "contentLength": 18800,
      "lod": 3,
      "mimeType": "application/x-fbx",
      "tier": 1,
      "tris": 3,
      "type": "lod",
      "uri": "tier_1/vkbgaihha_VarB_LOD3.fbx",
      "variation": 2
    },
    {
      "contentLength": 475968,
      "lod": 0,
      "mimeType": "application/x-fbx",
      "tier": 1,
      "tris": 4453,
      "type": "lod",
      "uri": "tier_1/vkbgaihha_VarC_LOD0.fbx",
      "variation": 3
    },
    {
      "contentLength": 149392,
      "lod": 1,
      "mimeType": "application/x-fbx",
      "tier": 1,
      "tris": 1069,
      "type": "lod",
      "uri": "tier_1/vkbgaihha_VarC_LOD1.fbx",
      "variation": 3
    },
    {
      "contentLength": 98960,
      "lod": 2,
      "mimeType": "application/x-fbx",
      "tier": 1,
      "tris": 601,
      "type": "lod",
      "uri": "tier_1/vkbgaihha_VarC_LOD2.fbx",
      "variation": 3
    },
    {
      "contentLength": 19008,
      "lod": 3,
      "mimeType": "application/x-fbx",
      "tier": 1,
      "tris": 5,
      "type": "lod",
      "uri": "tier_1/vkbgaihha_VarC_LOD3.fbx",
      "variation": 3
    },
    {
      "contentLength": 311920,
      "lod": 0,
      "mimeType": "application/x-fbx",
      "tier": 1,
      "tris": 2893,
      "type": "lod",
      "uri": "tier_1/vkbgaihha_VarD_LOD0.fbx",
      "variation": 4
    },
    {
      "contentLength": 107792,
      "lod": 1,
      "mimeType": "application/x-fbx",
      "tier": 1,
      "tris": 751,
      "type": "lod",
      "uri": "tier_1/vkbgaihha_VarD_LOD1.fbx",
      "variation": 4
    },
    {
      "contentLength": 74224,
      "lod": 2,
      "mimeType": "application/x-fbx",
      "tier": 1,
      "tris": 441,
      "type": "lod",
      "uri": "tier_1/vkbgaihha_VarD_LOD2.fbx",
      "variation": 4
    },
    {
      "contentLength": 18896,
      "lod": 3,
      "mimeType": "application/x-fbx",
      "tier": 1,
      "tris": 4,
      "type": "lod",
      "uri": "tier_1/vkbgaihha_VarD_LOD3.fbx",
      "variation": 4
    },
    {
      "contentLength": 353504,
      "lod": 0,
      "mimeType": "application/x-fbx",
      "tier": 1,
      "tris": 3646,
      "type": "lod",
      "uri": "tier_1/vkbgaihha_VarE_LOD0.fbx",
      "variation": 5
    },
    {
      "contentLength": 90880,
      "lod": 1,
      "mimeType": "application/x-fbx",
      "tier": 1,
      "tris": 638,
      "type": "lod",
      "uri": "tier_1/vkbgaihha_VarE_LOD1.fbx",
      "variation": 5
    },
    {
      "contentLength": 64816,
      "lod": 2,
      "mimeType": "application/x-fbx",
      "tier": 1,
      "tris": 388,
      "type": "lod",
      "uri": "tier_1/vkbgaihha_VarE_LOD2.fbx",
      "variation": 5
    },
    {
      "contentLength": 18800,
      "lod": 3,
      "mimeType": "application/x-fbx",
      "tier": 1,
      "tris": 3,
      "type": "lod",
      "uri": "tier_1/vkbgaihha_VarE_LOD3.fbx",
      "variation": 5
    },
    {
      "contentLength": 146784,
      "lod": 0,
      "mimeType": "application/x-fbx",
      "tier": 1,
      "tris": 1213,
      "type": "lod",
      "uri": "tier_1/vkbgaihha_VarF_LOD0.fbx",
      "variation": 6
    },
    {
      "contentLength": 58176,
      "lod": 1,
      "mimeType": "application/x-fbx",
      "tier": 1,
      "tris": 322,
      "type": "lod",
      "uri": "tier_1/vkbgaihha_VarF_LOD1.fbx",
      "variation": 6
    },
    {
      "contentLength": 43472,
      "lod": 2,
      "mimeType": "application/x-fbx",
      "tier": 1,
      "tris": 183,
      "type": "lod",
      "uri": "tier_1/vkbgaihha_VarF_LOD2.fbx",
      "variation": 6
    },
    {
      "contentLength": 18704,
      "lod": 3,
      "mimeType": "application/x-fbx",
      "tier": 1,
      "tris": 2,
      "type": "lod",
      "uri": "tier_1/vkbgaihha_VarF_LOD3.fbx",
      "variation": 6
    },
    {
      "contentLength": 172704,
      "lod": 0,
      "mimeType": "application/x-fbx",
      "tier": 1,
      "tris": 1478,
      "type": "lod",
      "uri": "tier_1/vkbgaihha_VarG_LOD0.fbx",
      "variation": 7
    },
    {
      "contentLength": 62560,
      "lod": 1,
      "mimeType": "application/x-fbx",
      "tier": 1,
      "tris": 357,
      "type": "lod",
      "uri": "tier_1/vkbgaihha_VarG_LOD1.fbx",
      "variation": 7
    },
    {
      "contentLength": 46512,
      "lod": 2,
      "mimeType": "application/x-fbx",
      "tier": 1,
      "tris": 204,
      "type": "lod",
      "uri": "tier_1/vkbgaihha_VarG_LOD2.fbx",
      "variation": 7
    },
    {
      "contentLength": 18704,
      "lod": 3,
      "mimeType": "application/x-fbx",
      "tier": 1,
      "tris": 2,
      "type": "lod",
      "uri": "tier_1/vkbgaihha_VarG_LOD3.fbx",
      "variation": 7
    },
    {
      "contentLength": 161104,
      "lod": 0,
      "mimeType": "application/x-fbx",
      "tier": 1,
      "tris": 1350,
      "type": "lod",
      "uri": "tier_1/vkbgaihha_VarH_LOD0.fbx",
      "variation": 8
    },
    {
      "contentLength": 62640,
      "lod": 1,
      "mimeType": "application/x-fbx",
      "tier": 1,
      "tris": 347,
      "type": "lod",
      "uri": "tier_1/vkbgaihha_VarH_LOD1.fbx",
      "variation": 8
    },
    {
      "contentLength": 47232,
      "lod": 2,
      "mimeType": "application/x-fbx",
      "tier": 1,
      "tris": 197,
      "type": "lod",
      "uri": "tier_1/vkbgaihha_VarH_LOD2.fbx",
      "variation": 8
    },
    {
      "contentLength": 18704,
      "lod": 3,
      "mimeType": "application/x-fbx",
      "tier": 1,
      "tris": 2,
      "type": "lod",
      "uri": "tier_1/vkbgaihha_VarH_LOD3.fbx",
      "variation": 8
    },
    {
      "contentLength": 280592,
      "lod": 0,
      "mimeType": "application/x-fbx",
      "tier": 2,
      "tris": 4403,
      "type": "lod",
      "uri": "tier_2/vkbgaihha_VarA_LOD0.fbx",
      "variation": 1
    },
    {
      "contentLength": 192064,
      "lod": 1,
      "mimeType": "application/x-fbx",
      "tier": 2,
      "tris": 2689,
      "type": "lod",
      "uri": "tier_2/vkbgaihha_VarA_LOD1.fbx",
      "variation": 1
    },
    {
      "contentLength": 124848,
      "lod": 2,
      "mimeType": "application/x-fbx",
      "tier": 2,
      "tris": 808,
      "type": "lod",
      "uri": "tier_2/vkbgaihha_VarA_LOD2.fbx",
      "variation": 1
    },
    {
      "contentLength": 18896,
      "lod": 3,
      "mimeType": "application/x-fbx",
      "tier": 2,
      "tris": 4,
      "type": "lod",
      "uri": "tier_2/vkbgaihha_VarA_LOD3.fbx",
      "variation": 1
    },
    {
      "contentLength": 66704,
      "lod": 0,
      "mimeType": "application/x-fbx",
      "tier": 2,
      "tris": 423,
      "type": "lod",
      "uri": "tier_2/vkbgaihha_VarB_LOD0.fbx",
      "variation": 2
    },
    {
      "contentLength": 48400,
      "lod": 1,
      "mimeType": "application/x-fbx",
      "tier": 2,
      "tris": 232,
      "type": "lod",
      "uri": "tier_2/vkbgaihha_VarB_LOD1.fbx",
      "variation": 2
    },
    {
      "contentLength": 37968,
      "lod": 2,
      "mimeType": "application/x-fbx",
      "tier": 2,
      "tris": 139,
      "type": "lod",
      "uri": "tier_2/vkbgaihha_VarB_LOD2.fbx",
      "variation": 2
    },
    {
      "contentLength": 18800,
      "lod": 3,
      "mimeType": "application/x-fbx",
      "tier": 2,
      "tris": 3,
      "type": "lod",
      "uri": "tier_2/vkbgaihha_VarB_LOD3.fbx",
      "variation": 2
    },
    {
      "contentLength": 237488,
      "lod": 0,
      "mimeType": "application/x-fbx",
      "tier": 2,
      "tris": 3633,
      "type": "lod",
      "uri": "tier_2/vkbgaihha_VarC_LOD0.fbx",
      "variation": 3
    },
    {
      "contentLength": 149392,
      "lod": 1,
      "mimeType": "application/x-fbx",
      "tier": 2,
      "tris": 1069,
      "type": "lod",
      "uri": "tier_2/vkbgaihha_VarC_LOD1.fbx",
      "variation": 3
    },
    {
      "contentLength": 98960,
      "lod": 2,
      "mimeType": "application/x-fbx",
      "tier": 2,
      "tris": 601,
      "type": "lod",
      "uri": "tier_2/vkbgaihha_VarC_LOD2.fbx",
      "variation": 3
    },
    {
      "contentLength": 19008,
      "lod": 3,
      "mimeType": "application/x-fbx",
      "tier": 2,
      "tris": 5,
      "type": "lod",
      "uri": "tier_2/vkbgaihha_VarC_LOD3.fbx",
      "variation": 3
    },
    {
      "contentLength": 167072,
      "lod": 0,
      "mimeType": "application/x-fbx",
      "tier": 2,
      "tris": 1349,
      "type": "lod",
      "uri": "tier_2/vkbgaihha_VarD_LOD0.fbx",
      "variation": 4
    },
    {
      "contentLength": 107792,
      "lod": 1,
      "mimeType": "application/x-fbx",
      "tier": 2,
      "tris": 751,
      "type": "lod",
      "uri": "tier_2/vkbgaihha_VarD_LOD1.fbx",
      "variation": 4
    },
    {
      "contentLength": 74224,
      "lod": 2,
      "mimeType": "application/x-fbx",
      "tier": 2,
      "tris": 441,
      "type": "lod",
      "uri": "tier_2/vkbgaihha_VarD_LOD2.fbx",
      "variation": 4
    },
    {
      "contentLength": 18896,
      "lod": 3,
      "mimeType": "application/x-fbx",
      "tier": 2,
      "tris": 4,
      "type": "lod",
      "uri": "tier_2/vkbgaihha_VarD_LOD3.fbx",
      "variation": 4
    },
    {
      "contentLength": 134064,
      "lod": 0,
      "mimeType": "application/x-fbx",
      "tier": 2,
      "tris": 1091,
      "type": "lod",
      "uri": "tier_2/vkbgaihha_VarE_LOD0.fbx",
      "variation": 5
    },
    {
      "contentLength": 90880,
      "lod": 1,
      "mimeType": "application/x-fbx",
      "tier": 2,
      "tris": 638,
      "type": "lod",
      "uri": "tier_2/vkbgaihha_VarE_LOD1.fbx",
      "variation": 5
    },
    {
      "contentLength": 64816,
      "lod": 2,
      "mimeType": "application/x-fbx",
      "tier": 2,
      "tris": 388,
      "type": "lod",
      "uri": "tier_2/vkbgaihha_VarE_LOD2.fbx",
      "variation": 5
    },
    {
      "contentLength": 18800,
      "lod": 3,
      "mimeType": "application/x-fbx",
      "tier": 2,
      "tris": 3,
      "type": "lod",
      "uri": "tier_2/vkbgaihha_VarE_LOD3.fbx",
      "variation": 5
    },
    {
      "contentLength": 87952,
      "lod": 0,
      "mimeType": "application/x-fbx",
      "tier": 2,
      "tris": 1159,
      "type": "lod",
      "uri": "tier_2/vkbgaihha_VarF_LOD0.fbx",
      "variation": 6
    },
    {
      "contentLength": 58176,
      "lod": 1,
      "mimeType": "application/x-fbx",
      "tier": 2,
      "tris": 322,
      "type": "lod",
      "uri": "tier_2/vkbgaihha_VarF_LOD1.fbx",
      "variation": 6
    },
    {
      "contentLength": 43472,
      "lod": 2,
      "mimeType": "application/x-fbx",
      "tier": 2,
      "tris": 183,
      "type": "lod",
      "uri": "tier_2/vkbgaihha_VarF_LOD2.fbx",
      "variation": 6
    },
    {
      "contentLength": 18704,
      "lod": 3,
      "mimeType": "application/x-fbx",
      "tier": 2,
      "tris": 2,
      "type": "lod",
      "uri": "tier_2/vkbgaihha_VarF_LOD3.fbx",
      "variation": 6
    },
    {
      "contentLength": 94752,
      "lod": 0,
      "mimeType": "application/x-fbx",
      "tier": 2,
      "tris": 1275,
      "type": "lod",
      "uri": "tier_2/vkbgaihha_VarG_LOD0.fbx",
      "variation": 7
    },
    {
      "contentLength": 62560,
      "lod": 1,
      "mimeType": "application/x-fbx",
      "tier": 2,
      "tris": 357,
      "type": "lod",
      "uri": "tier_2/vkbgaihha_VarG_LOD1.fbx",
      "variation": 7
    },
    {
      "contentLength": 46512,
      "lod": 2,
      "mimeType": "application/x-fbx",
      "tier": 2,
      "tris": 204,
      "type": "lod",
      "uri": "tier_2/vkbgaihha_VarG_LOD2.fbx",
      "variation": 7
    },
    {
      "contentLength": 18704,
      "lod": 3,
      "mimeType": "application/x-fbx",
      "tier": 2,
      "tris": 2,
      "type": "lod",
      "uri": "tier_2/vkbgaihha_VarG_LOD3.fbx",
      "variation": 7
    },
    {
      "contentLength": 82816,
      "lod": 0,
      "mimeType": "application/x-fbx",
      "tier": 2,
      "tris": 543,
      "type": "lod",
      "uri": "tier_2/vkbgaihha_VarH_LOD0.fbx",
      "variation": 8
    },
    {
      "contentLength": 62640,
      "lod": 1,
      "mimeType": "application/x-fbx",
      "tier": 2,
      "tris": 347,
      "type": "lod",
      "uri": "tier_2/vkbgaihha_VarH_LOD1.fbx",
      "variation": 8
    },
    {
      "contentLength": 47232,
      "lod": 2,
      "mimeType": "application/x-fbx",
      "tier": 2,
      "tris": 197,
      "type": "lod",
      "uri": "tier_2/vkbgaihha_VarH_LOD2.fbx",
      "variation": 8
    },
    {
      "contentLength": 18704,
      "lod": 3,
      "mimeType": "application/x-fbx",
      "tier": 2,
      "tris": 2,
      "type": "lod",
      "uri": "tier_2/vkbgaihha_VarH_LOD3.fbx",
      "variation": 8
    },
    {
      "contentLength": 192064,
      "lod": 0,
      "mimeType": "application/x-fbx",
      "tier": 3,
      "tris": 2689,
      "type": "lod",
      "uri": "tier_3/vkbgaihha_VarA_LOD0.fbx",
      "variation": 1
    },
    {
      "contentLength": 124848,
      "lod": 1,
      "mimeType": "application/x-fbx",
      "tier": 3,
      "tris": 808,
      "type": "lod",
      "uri": "tier_3/vkbgaihha_VarA_LOD1.fbx",
      "variation": 1
    },
    {
      "contentLength": 18896,
      "lod": 2,
      "mimeType": "application/x-fbx",
      "tier": 3,
      "tris": 4,
      "type": "lod",
      "uri": "tier_3/vkbgaihha_VarA_LOD2.fbx",
      "variation": 1
    },
    {
      "contentLength": 48400,
      "lod": 0,
      "mimeType": "application/x-fbx",
      "tier": 3,
      "tris": 232,
      "type": "lod",
      "uri": "tier_3/vkbgaihha_VarB_LOD0.fbx",
      "variation": 2
    },
    {
      "contentLength": 37968,
      "lod": 1,
      "mimeType": "application/x-fbx",
      "tier": 3,
      "tris": 139,
      "type": "lod",
      "uri": "tier_3/vkbgaihha_VarB_LOD1.fbx",
      "variation": 2
    },
    {
      "contentLength": 18800,
      "lod": 2,
      "mimeType": "application/x-fbx",
      "tier": 3,
      "tris": 3,
      "type": "lod",
      "uri": "tier_3/vkbgaihha_VarB_LOD2.fbx",
      "variation": 2
    },
    {
      "contentLength": 149392,
      "lod": 0,
      "mimeType": "application/x-fbx",
      "tier": 3,
      "tris": 1069,
      "type": "lod",
      "uri": "tier_3/vkbgaihha_VarC_LOD0.fbx",
      "variation": 3
    },
    {
      "contentLength": 98960,
      "lod": 1,
      "mimeType": "application/x-fbx",
      "tier": 3,
      "tris": 601,
      "type": "lod",
      "uri": "tier_3/vkbgaihha_VarC_LOD1.fbx",
      "variation": 3
    },
    {
      "contentLength": 19008,
      "lod": 2,
      "mimeType": "application/x-fbx",
      "tier": 3,
      "tris": 5,
      "type": "lod",
      "uri": "tier_3/vkbgaihha_VarC_LOD2.fbx",
      "variation": 3
    },
    {
      "contentLength": 107792,
      "lod": 0,
      "mimeType": "application/x-fbx",
      "tier": 3,
      "tris": 751,
      "type": "lod",
      "uri": "tier_3/vkbgaihha_VarD_LOD0.fbx",
      "variation": 4
    },
    {
      "contentLength": 74224,
      "lod": 1,
      "mimeType": "application/x-fbx",
      "tier": 3,
      "tris": 441,
      "type": "lod",
      "uri": "tier_3/vkbgaihha_VarD_LOD1.fbx",
      "variation": 4
    },
    {
      "contentLength": 18896,
      "lod": 2,
      "mimeType": "application/x-fbx",
      "tier": 3,
      "tris": 4,
      "type": "lod",
      "uri": "tier_3/vkbgaihha_VarD_LOD2.fbx",
      "variation": 4
    },
    {
      "contentLength": 90880,
      "lod": 0,
      "mimeType": "application/x-fbx",
      "tier": 3,
      "tris": 638,
      "type": "lod",
      "uri": "tier_3/vkbgaihha_VarE_LOD0.fbx",
      "variation": 5
    },
    {
      "contentLength": 64816,
      "lod": 1,
      "mimeType": "application/x-fbx",
      "tier": 3,
      "tris": 388,
      "type": "lod",
      "uri": "tier_3/vkbgaihha_VarE_LOD1.fbx",
      "variation": 5
    },
    {
      "contentLength": 18800,
      "lod": 2,
      "mimeType": "application/x-fbx",
      "tier": 3,
      "tris": 3,
      "type": "lod",
      "uri": "tier_3/vkbgaihha_VarE_LOD2.fbx",
      "variation": 5
    },
    {
      "contentLength": 58176,
      "lod": 0,
      "mimeType": "application/x-fbx",
      "tier": 3,
      "tris": 322,
      "type": "lod",
      "uri": "tier_3/vkbgaihha_VarF_LOD0.fbx",
      "variation": 6
    },
    {
      "contentLength": 43472,
      "lod": 1,
      "mimeType": "application/x-fbx",
      "tier": 3,
      "tris": 183,
      "type": "lod",
      "uri": "tier_3/vkbgaihha_VarF_LOD1.fbx",
      "variation": 6
    },
    {
      "contentLength": 18704,
      "lod": 2,
      "mimeType": "application/x-fbx",
      "tier": 3,
      "tris": 2,
      "type": "lod",
      "uri": "tier_3/vkbgaihha_VarF_LOD2.fbx",
      "variation": 6
    },
    {
      "contentLength": 62560,
      "lod": 0,
      "mimeType": "application/x-fbx",
      "tier": 3,
      "tris": 357,
      "type": "lod",
      "uri": "tier_3/vkbgaihha_VarG_LOD0.fbx",
      "variation": 7
    },
    {
      "contentLength": 46512,
      "lod": 1,
      "mimeType": "application/x-fbx",
      "tier": 3,
      "tris": 204,
      "type": "lod",
      "uri": "tier_3/vkbgaihha_VarG_LOD1.fbx",
      "variation": 7
    },
    {
      "contentLength": 18704,
      "lod": 2,
      "mimeType": "application/x-fbx",
      "tier": 3,
      "tris": 2,
      "type": "lod",
      "uri": "tier_3/vkbgaihha_VarG_LOD2.fbx",
      "variation": 7
    },
    {
      "contentLength": 62640,
      "lod": 0,
      "mimeType": "application/x-fbx",
      "tier": 3,
      "tris": 347,
      "type": "lod",
      "uri": "tier_3/vkbgaihha_VarH_LOD0.fbx",
      "variation": 8
    },
    {
      "contentLength": 47232,
      "lod": 1,
      "mimeType": "application/x-fbx",
      "tier": 3,
      "tris": 197,
      "type": "lod",
      "uri": "tier_3/vkbgaihha_VarH_LOD1.fbx",
      "variation": 8
    },
    {
      "contentLength": 18704,
      "lod": 2,
      "mimeType": "application/x-fbx",
      "tier": 3,
      "tris": 2,
      "type": "lod",
      "uri": "tier_3/vkbgaihha_VarH_LOD2.fbx",
      "variation": 8
    }
  ],
  "name": "Sea Thrift",
  "pack": {
    "_id": "nordic-coastal-cliffs",
    "name": "Nordic Coastal Cliffs"
  },
  "physicalSize": null,
  "points": 4,
  "previews": {
    "images": [
      {
        "contentLength": 2366902,
        "resolution": "1920x1080",
        "uri": "vkbgaihha_layout.png"
      }
    ],
    "relativeSize": "2x1",
    "scaleReferences": []
  },
  "properties": [],
  "referencePreviews": {
    "maps": [],
    "models": [
      {
        "contentLength": 3569312,
        "mimeType": "application/x-fbx",
        "tris": 43599,
        "uri": "vkbgaihha_layout.fbx"
      }
    ]
  },
  "references": [],
  "revised": false,
  "revision": 0,
  "semanticTags": {
    "architectural_style": {},
    "asset_type": "3D plant",
    "color": [
      "Pink",
      "Green"
    ],
    "contains": [
      "sea-thrift",
      "thrift",
      "sea-pink",
      "cliff-rose"
    ],
    "country": "Sweden",
    "descriptive": [
      "perennial",
      "ornamental",
      "decorative",
      "lush",
      "grown",
      "clumpy",
      "evergreen"
    ],
    "environment": [
      "ocean biome"
    ],
    "industry": [
      "archviz",
      "games",
      "VFX"
    ],
    "interior_exterior": [
      "exterior"
    ],
    "latin_name": "Armeria maritima",
    "locations": {
      "Europe": {
        "Sweden": {}
      }
    },
    "maxSize": 0.38,
    "minSize": 0.08,
    "name": "Sea Thrift",
    "region": "Europe",
    "resolution": 8192,
    "state": [
      "new",
      "old"
    ],
    "subject_matter": "nature",
    "theme": [
      "mountains",
      "temperate",
      "coastal",
      "gardens",
      "rock-gardens",
      "patios",
      "lawns",
      "edging",
      "xeriscapes"
    ]
  },
  "tags": [
    "pink",
    "brown",
    "green",
    "flowers",
    "grass"
  ],
  "ue_plugin_archives": [
    {
      "contentLength": 93560691,
      "gltfVersion": "2.0",
      "tier": 0,
      "type": "gltf",
      "uri": "ue_plugin_archives/tier_0/vkbgaihha_tier_0.zip",
      "version": 1
    },
    {
      "contentLength": 56708249,
      "gltfVersion": "2.0",
      "tier": 1,
      "type": "gltf",
      "uri": "ue_plugin_archives/tier_1/vkbgaihha_tier_1.zip",
      "version": 1
    },
    {
      "contentLength": 17880830,
      "gltfVersion": "2.0",
      "tier": 2,
      "type": "gltf",
      "uri": "ue_plugin_archives/tier_2/vkbgaihha_tier_2.zip",
      "version": 1
    },
    {
      "contentLength": 3922382,
      "gltfVersion": "2.0",
      "tier": 3,
      "type": "gltf",
      "uri": "ue_plugin_archives/tier_3/vkbgaihha_tier_3.zip",
      "version": 1
    }
  ],
  "version": 2
}